Territory,Sum of Sales_Amount,Sum of net_sales,,Territory,Sum of Target,Sum of Sales_Amount,percent
Chattogram,822178.1,819635.1,,Chattogram,29127885.75,822178.1,20.79%
Dhaka,1625165.45,1622031.2,,Dhaka,107977803.7,1625165.45,41.10%
Khulna,538474.55,536352.65,,Khulna,12735454.18,538474.55,13.62%
Rajshahi,555103.75,554633.5,,Rajshahi,13502384.03,555103.75,14.04%
Sylhet,412810.1,412171.6,,Sylhet,6849482.66,412810.1,10.44%
Grand Total,3953731.95,3944824.05,,Grand Total,170193010.3,3953731.95,100.00%
,,,,,Near-Expiry flag,Near Expiry,
,,,,,,,
Product,Sum of Sales_Amount,Sum of Quantity,Sum of Return_Quantity,,Product,Sum of Quantity,
ORS,1153247.25,74951,234,,AMOXICILLIN 500MG,12672,
INSULIN,764692.5,1152,0,,METFORMIN 500MG,14490,
AMOXICILLIN 500MG,507869.6,62040,195,,NAPA 500 MG,577,
AZITHROMYCIN 500MG,340416.6,27740,0,,NAPA 500MG,37625,
NAPA 500MG,284766,189844,1463,,ORS,20117,
SECLO 20MG,244520,61130,118,,SECLO 20MG,14478,
SERGEL 20MG,222904,40528,58,,Grand Total,99959,
METFORMIN 500MG,172062,57354,161,,,,
FEXO 120MG,140980,40280,59,,,,
DPX 500MG,120685.5,53638,15,,,,
NAPA 500 MG,865.5,577,0,,,,
NAPA500MG,723,482,0,,,,
Grand Total,3953731.95,609716,2303,,,,
